,Ticker,90-110,90-108,90-106,90-104,92-110,92-108,92-106,92-104,94-110,94-108,94-106,94-104,96-110,96-108,96-106,96-104,Price,Return/Price,EPS,P/E Ratio,P/E growth,Market Cap (Bil)
0,ARX.TO,-85.32000000000002,-17.47,-20.419999999999987,-21.97999999999999,-122.63999999999993,-30.41999999999973,-35.599999999999795,-34.9099999999998,-270.6699999999999,-63.390000000000214,-75.73000000000002,-68.99000000000012,-542.85,-118.00999999999976,-131.54999999999995,-117.30999999999995,5.69,1.0,NA,NA,NA,NA
0,ACO-X.TO,5.959999999999923,5.959999999999923,46.41999999999996,-8.500000000000114,3.3599999999999,3.3599999999999,43.819999999999936,-11.100000000000136,-16.649999999999977,-16.649999999999977,23.81000000000006,-27.220000000000027,-20.81000000000006,-20.81000000000006,111.41000000000008,-9.470000000000255,41.68,2.6729846449136296,3.13,13.310976,-1.1907579999999989,4.764527616
0,ATA.TO,6.389999999999986,-18.05000000000001,-18.950000000000017,-22.310000000000002,-2.2000000000001023,-26.640000000000043,-28.62000000000006,-31.980000000000075,-17.379999999999995,-41.30000000000007,-44.180000000000064,-52.05000000000007,-12.579999999999927,-44.12999999999988,-48.62999999999988,-80.75999999999988,17.34,1.0,0.9099999999999999,22.133755,16.53951,1.596630272
0,ARE.TO,10.769999999999953,10.769999999999953,5.569999999999965,5.569999999999965,-7.490000000000009,-7.490000000000009,-12.689999999999998,-12.689999999999998,-18.089999999999975,-18.089999999999975,-23.289999999999964,-23.289999999999964,-10.279999999999973,-12.529999999999973,-22.930000000000064,-9.660000000000082,14.06,1.0,0.9,15.982917,5.6828140000000005,0.834076864
0,AFN.TO,-325.54999999999984,-202.13,-202.16999999999996,-79.99000000000001,-502.48999999999967,-348.03999999999985,-249.88999999999987,-130.52999999999975,-918.3699999999997,-703.2400000000009,-342.3700000000008,-184.0200000000009,-1670.06,-1201.8299999999995,-540.8899999999999,-181.0899999999997,30.02,1.0,NA,NA,NA,NA
0,AEM.TO,32.51999999999998,46.38999999999987,71.80999999999995,67.50999999999999,55.20999999999981,90.62999999999988,94.87000000000012,89.34999999999991,92.48000000000002,188.32999999999947,147.02999999999975,119.19000000000005,265.64000000000124,304.670000000001,143.79000000000087,240.40000000000236,106.37,2.864247438187468,1.3565,108.74185,-111.66782,26.242809856
0,AC.TO,-101.1099999999999,-99.46999999999991,-103.80999999999983,-120.52999999999986,-108.83999999999992,-109.70999999999992,-125.38,-143.70000000000005,-268.7299999999998,-283.61999999999966,-315.7900000000004,-344.12000000000035,-203.1300000000001,-261.9899999999998,-326.0499999999988,-373.90999999999894,15.11,1.0,NA,NA,NA,NA
0,ASR.TO,-1.0,-2.719999999999999,-7.809999999999988,-7.650000000000006,-0.0700000000000216,-2.860000000000099,-10.830000000000041,-10.400000000000034,-9.189999999999998,-5.92999999999995,-15.989999999999952,-16.259999999999934,-23.060000000000002,-13.329999999999927,-30.069999999999993,-30.579999999999984,10.35,1.0,0.55,19.151785,0.6964260000000024,3.104107008
0,AGI.TO,-11.359999999999985,-11.45999999999998,-16.659999999999968,-12.289999999999992,-26.94999999999999,-26.14999999999992,-26.069999999999993,-19.439999999999998,-69.18000000000006,-72.36000000000001,-55.33000000000004,-36.25999999999999,-106.10000000000002,-114.56000000000006,-78.94000000000005,-54.84000000000003,14.17,1.0,0.3745,63.955181499999995,80.434957,5.786830336
0,AD.TO,-104.27999999999997,-70.5,-76.48999999999995,-87.41000000000003,-143.6799999999999,-72.92999999999995,-82.7399999999999,-95.24999999999989,-266.48,-70.20999999999992,-106.37999999999988,-120.46999999999991,-400.8599999999999,-45.82999999999993,-112.71000000000004,-127.23000000000002,13.28,1.0,NA,NA,NA,NA
0,AQN.TO,40.56999999999999,40.56999999999999,28.80000000000001,8.620000000000005,40.56999999999999,40.56999999999999,28.80000000000001,8.620000000000005,40.44,40.44,27.600000000000023,7.420000000000016,62.90000000000009,62.90000000000009,44.89999999999998,15.569999999999993,18.48,3.4036796536796583,0.735,25.030831499999998,1.0216650000000023,10.755501056
0,ATD-B.TO,23.079999999999984,15.019999999999982,7.639999999999986,-0.4200000000000159,31.83000000000004,19.739999999999952,11.129999999999939,2.1399999999999864,47.67999999999995,15.43999999999994,3.139999999999759,4.459999999999809,54.8599999999999,-19.230000000000018,-36.600000000000136,-4.180000000000064,46.55,1.178517722878623,1.94,23.973216999999998,-3.7071999999999967,51.447517184
0,AP-UN.TO,69.30000000000013,69.30000000000013,69.30000000000013,117.40000000000015,69.30000000000013,69.30000000000013,69.30000000000013,117.40000000000015,62.04000000000019,65.05999999999995,67.98000000000002,116.17999999999995,22.740000000000123,26.220000000000027,30.850000000000136,103.99999999999977,40.11,2.926950885066072,5.0625,8.1081285,-3.307315000000001,4.843265536
0,ALA.TO,-30.910000000000025,-89.95000000000005,-89.95000000000005,-34.379999999999995,-33.97000000000014,-107.77000000000015,-107.77000000000015,-44.19000000000011,-64.09999999999991,-137.89999999999992,-132.31999999999994,-68.7399999999999,-163.70000000000005,-282.88999999999953,-237.72000000000014,-112.6400000000001,16.78,1.0,1.224,14.815627,-5.180627999999999,4.911852032
0,AIF.TO,132.51,125.17999999999995,39.00999999999999,17.87000000000006,169.09000000000003,161.7600000000001,38.98000000000002,17.660000000000082,294.44999999999936,225.64999999999918,78.74999999999955,45.129999999999654,423.93999999999846,314.1599999999987,105.44000000000005,46.01000000000022,42.66,9.937646507266725,1.027,70.953089,91.610322,1.704785536
0,APHA.TO,-28.269999999999982,-28.680000000000064,-33.29000000000008,-34.67000000000007,-54.489999999999554,-54.00999999999976,-56.11999999999989,-56.61999999999989,-104.52000000000021,-90.13000000000011,-79.0300000000002,-81.25999999999999,-142.82000000000016,-111.79000000000019,-92.92999999999984,-95.04999999999973,6.39,1.0,NA,NA,NA,NA
0,ATZ.TO,-22.779999999999973,-24.159999999999968,-19.090000000000032,-20.720000000000027,-46.52999999999997,-47.90999999999997,-42.75,-49.60000000000002,-39.57999999999993,-43.59999999999991,-43.91999999999996,-53.389999999999986,-45.289999999999736,-50.18999999999983,-65.94999999999982,-87.37999999999988,17.73,1.0,0.7295,29.161753,23.225468,1.957329152
0,AX-UN.TO,4.5,-4.21999999999997,-11.09999999999998,-13.939999999999984,13.950000000000045,-3.4899999999999523,-17.249999999999943,-22.92999999999995,16.349999999999994,-1.5900000000000034,-15.169999999999987,-20.849999999999994,39.43000000000001,6.229999999999961,-18.260000000000048,-28.910000000000025,7.87,5.010165184243966,NA,NA,NA,NA
0,ACB.TO,180.9399999999996,-2.5399999999999636,152.30000000000018,73.45999999999913,-261.28000000000156,-522.2800000000016,29.13999999999669,-66.9800000000032,-796.4799999999996,-1168.4999999999982,53.81999999999971,-132.29999999999927,-2181.3600000000024,-2598.980000000003,-148.10000000000218,-369.14000000000124,13.65,13.255677655677626,NA,NA,NA,NA
0,BTO.TO,1.710000000000008,0.20000000000000995,-3.049999999999997,-4.600000000000001,3.15000000000002,-0.3699999999999761,-4.709999999999994,-7.309999999999988,12.519999999999953,3.729999999999933,-10.71999999999997,-16.619999999999948,16.919999999999902,8.17999999999995,-23.94000000000011,-33.120000000000175,9.28,1.823275862068955,0.3975,24.6857545,7.762817000000002,9.952704512
0,BCE.TO,30.389999999999986,30.389999999999986,30.389999999999986,30.389999999999986,58.589999999999975,58.589999999999975,58.589999999999975,58.589999999999975,58.589999999999975,58.589999999999975,58.589999999999975,58.589999999999975,56.36000000000013,56.36000000000013,56.36000000000013,56.36000000000013,56.16,1.0432692307692304,3.355,16.958357499999998,0.5560129999999965,51.438178304
0,DOO.TO,-359.6199999999999,-306.04999999999995,-324.47,-330.47,-427.39999999999964,-292.72999999999956,-362.8599999999999,-382.4499999999998,-588.6200000000003,-358.1800000000003,-426.3699999999999,-472.57000000000016,-718.9700000000012,-368.4399999999987,-379.3899999999994,-497.6899999999996,60.0,1.0,2.233,32.103491,26.079593999999997,5.225700352
0,BAD.TO,-44.0300000000002,-98.73000000000013,-34.950000000000045,11.279999999999859,-41.46000000000038,-121.1500000000002,-36.010000000000105,7.689999999999827,24.590000000000373,-113.41000000000076,-25.440000000000737,8.38999999999919,-8.519999999999982,-252.64000000000033,-39.29999999999973,-13.269999999999982,28.97,1.0,1.705,17.4901885,0.9232370000000003,1.0386432
0,BLDP.TO,-4.779999999999944,-10.799999999999983,-16.909999999999997,-8.569999999999965,-12.13000000000011,-18.230000000000075,-26.460000000000093,-14.60000000000008,-16.31000000000006,-25.510000000000105,-46.59000000000009,-31.030000000000086,-3.32000000000005,-19.08000000000004,-65.88999999999999,-48.660000000000196,19.03,1.0,NA,NA,NA,NA
0,BMO.TO,-39.389999999999986,-39.389999999999986,-39.389999999999986,53.35000000000002,-51.25,-51.25,-51.25,41.49000000000012,-132.3200000000004,-132.3200000000004,-148.10000000000014,-8.740000000000236,-326.9300000000003,-326.9300000000003,-379.1700000000001,-6.710000000000036,73.28,1.0,7.76,9.418618500000001,0.6554190000000002,46.694227968
0,BNS.TO,-19.919999999999845,-19.919999999999845,-19.919999999999845,-19.919999999999845,-19.919999999999845,-19.919999999999845,-19.919999999999845,-19.919999999999845,-21.199999999999932,-20.589999999999918,-20.589999999999918,-20.589999999999918,-111.59000000000015,-107.32000000000016,-107.32000000000016,-109.09999999999991,55.01,1.0,6.112500000000001,9.035923,0.11087000000000025,66.903412736
0,ABX.TO,-3.7599999999999625,-1.5999999999999943,-7.71999999999997,6.849999999999994,16.170000000000073,22.11000000000007,12.43000000000012,10.500000000000057,43.71000000000015,49.00999999999999,34.1099999999999,4.199999999999818,65.86999999999966,74.64999999999986,62.8599999999999,4.289999999999964,38.71,1.9284422629811382,1.4505,48.755577499999994,-64.570465,70.605570048
0,BHC.TO,37.51999999999998,34.069999999999936,17.690000000000055,8.980000000000018,92.91999999999962,84.19999999999982,51.81999999999971,31.549999999999955,100.68000000000075,78.18000000000075,34.30000000000064,-13.150000000000546,120.97000000000116,73.56000000000131,44.910000000000764,-26.579999999999927,24.49,4.939567170273629,NA,NA,NA,NA
0,BTE.TO,-60.829999999999984,-61.36999999999989,-57.98999999999995,-52.069999999999965,-72.75999999999999,-73.94,-70.0,-62.72999999999999,-97.10000000000002,-97.90000000000003,-92.67000000000002,-84.58999999999997,-133.68999999999983,-136.87999999999965,-132.0899999999997,-114.42999999999984,0.62,1.0,NA,NA,NA,NA
0,BB.TO,-61.18999999999994,-32.22999999999996,-4.970000000000027,-18.339999999999918,-86.77999999999992,-39.519999999999925,-3.1599999999999113,-22.769999999999925,-145.31999999999988,-61.460000000000036,-2.5,-26.99000000000001,-254.9999999999999,-83.73000000000002,19.500000000000227,-28.12999999999988,6.35,3.0708661417323193,NA,NA,NA,NA
0,BEI-UN.TO,-280.0399999999999,2.619999999999777,-36.26000000000022,-88.10000000000025,-298.61,2.269999999999982,-35.879999999999995,-87.72000000000003,-469.2099999999997,-9.759999999999764,-72.20999999999981,-138.27999999999975,-804.8099999999995,-63.969999999999345,-99.77999999999929,-170.09999999999945,30.63,1.0,NA,NA,NA,NA
0,BBD-B.TO,-44.08999999999999,-43.74500000000002,-45.900000000000006,-42.845,-59.579999999999984,-53.97500000000002,-56.77999999999999,-51.219999999999985,-81.80000000000001,-73.51499999999999,-77.44499999999994,-70.19499999999996,-115.82999999999998,-97.33500000000004,-97.16499999999996,-90.67500000000001,0.465,1.0,NA,NA,NA,NA
0,BLX.TO,21.28,43.620000000000005,-7.699999999999989,15.139999999999986,25.360000000000014,53.410000000000025,-10.739999999999952,11.100000000000051,97.91999999999996,188.77999999999997,-16.5,0.4800000000000182,157.56999999999994,304.31999999999994,-29.430000000000064,-5.279999999999973,34.94,8.709788208357182,NA,NA,NA,NA
0,BYD.TO,,,,,,,,,,,,,,,,,195.59,1.0,4.4065,48.631653,28.551025999999993,3.957176064
0,BAM-A.TO,-48.229999999999905,-48.229999999999905,-48.229999999999905,-76.8599999999999,-63.6099999999999,-63.6099999999999,-63.6099999999999,-109.16999999999985,-100.67000000000007,-100.67000000000007,-100.67000000000007,-89.73999999999978,-299.4100000000003,-299.4100000000003,-299.4100000000003,-116.6599999999994,43.26,1.0,1.464,30.6596115,13.654417000000002,67.102048256
0,BBU-UN.TO,62.65999999999997,23.159999999999968,-2.5400000000000773,-2.5400000000000773,67.41999999999996,40.43999999999994,-4.7400000000002365,-4.7400000000002365,40.31999999999971,23.399999999999864,-29.839999999999918,-39.669999999999845,36.47999999999956,49.930000000000746,5.309999999999945,-98.92999999999984,35.59,1.8943523461646516,NA,NA,NA,NA
0,BIP-UN.TO,0.0,81.8599999999999,72.57999999999993,48.95999999999992,0.0,91.03999999999996,109.3599999999999,38.5,0.0,85.53999999999996,99.21999999999991,27.49000000000001,0.0,113.14999999999986,137.57999999999993,36.41000000000031,55.99,2.45722450437578,1.0230000000000001,133.706558,205.72250400000001,16.482300928
0,BPY-UN.TO,-39.900000000000034,-1.6200000000000045,-0.3299999999999841,1.0200000000000387,-46.400000000000034,-8.620000000000061,-6.400000000000034,-5.759999999999991,-79.38,8.069999999999936,3.0699999999999363,-1.7800000000000864,-295.68000000000006,34.29000000000019,2.589999999999918,-26.220000000000027,15.01,2.2844770153231306,NA,NA,NA,NA
0,BEP-UN.TO,119.58000000000004,119.58000000000004,22.08000000000004,40.51999999999998,119.12,119.12,21.620000000000005,52.94999999999993,108.00000000000011,108.00000000000011,10.5,68.61000000000001,329.5000000000002,329.5000000000002,50.17000000000007,92.97000000000003,57.58,5.722473080930883,NA,NA,NA,NA
0,CAE.TO,32.94,-4.82000000000005,-7.560000000000002,-28.70999999999998,10.57000000000005,-31.62999999999988,-35.02999999999997,-56.32999999999993,-33.210000000000036,-79.84999999999991,-83.90999999999997,-105.35999999999984,-79.88000000000022,-112.12000000000012,-123.54000000000019,-160.98000000000025,19.99,1.647823911955978,1.03,18.9523945,-4.784098999999998,5.104192512
0,CCL-B.TO,10.700000000000045,-8.759999999999877,-8.759999999999877,1.0400000000000773,-22.699999999999932,-53.279999999999745,-41.88999999999976,6.710000000000264,-76.80000000000041,-137.96000000000004,-41.11999999999989,49.67000000000007,-222.55000000000018,-336.52999999999975,-58.81999999999971,117.16000000000031,44.56,2.6292639138240643,2.6385,17.138385,-0.500154000000002,8.090645504
0,GIB-A.TO,0.0,84.7800000000002,0.7800000000002001,-8.799999999999727,0.0,54.11000000000013,-50.88999999999987,-60.4699999999998,0.0,96.49000000000024,-36.50999999999976,-33.11000000000013,0.0,52.61000000000058,-143.38999999999942,-111.88000000000011,95.67,1.0085711299257891,4.871499999999999,19.484569,3.5077420000000004,24.414509056
0,CIX.TO,-61.289999999999964,-61.289999999999964,-38.14999999999998,-32.62999999999994,-78.26999999999998,-77.83999999999997,-53.639999999999986,-35.41999999999996,-129.73999999999995,-128.20999999999992,-86.27999999999997,-71.61999999999983,-265.1,-263.9599999999998,-100.65000000000009,-112.07000000000016,18.41,1.0,2.2504999999999997,8.189292,-0.0036400000000007537,3.958764032
0,CRT-UN.TO,-6.72999999999999,-8.680000000000035,-8.680000000000035,-6.380000000000024,-7.02000000000001,-9.120000000000061,-8.130000000000052,-6.2000000000000455,-10.79000000000002,-13.490000000000038,-11.130000000000052,-5.330000000000041,-24.009999999999764,-28.660000000000025,-25.150000000000034,10.659999999999968,13.96,1.0,0.8330000000000001,18.6802775,12.423616999999998,3.16245376
0,CCO.TO,4.5600000000000165,0.7600000000000051,-5.589999999999989,-12.740000000000009,5.7999999999999545,7.459999999999951,-5.189999999999998,-14.39999999999992,2.150000000000091,11.450000000000045,-7.449999999999932,-11.389999999999986,-34.23999999999978,-2.299999999999727,-29.67999999999961,-40.86999999999989,13.62,1.0,0.069,296.444445,-335.11111,5.510176768
0,GOOS.TO,36.41000000000008,58.80000000000041,-13.820000000000164,-13.039999999999964,196.40999999999985,92.67000000000007,54.289999999999964,60.04000000000042,150.800000000002,-23.55999999999858,-9.419999999997344,59.67000000000189,85.0,-87.68000000000029,-137.5699999999997,23.729999999999563,29.81,6.588728614558868,1.44,20.730649999999997,2.303405999999999,3.277796096
0,CAR-UN.TO,0.0,49.049999999999955,-9.170000000000073,-25.450000000000045,0.0,52.11999999999989,-9.220000000000141,-25.500000000000114,0.0,52.11999999999989,-9.220000000000141,-25.500000000000114,0.0,15.83999999999969,-63.120000000000346,-18.530000000000314,48.57,1.0730903850113216,5.2335,9.723276,-4.8435239999999995,8.126605312
0,CM.TO,-18.239999999999895,-18.239999999999895,-18.239999999999895,76.0200000000001,-13.239999999999895,-13.239999999999895,-13.239999999999895,81.0200000000001,-29.659999999999854,-21.759999999999764,-19.929999999999836,88.40000000000032,-412.75,-384.9299999999994,-379.4399999999996,-12.509999999999309,92.73,1.0,9.6405,9.610513000000001,1.0756439999999987,41.1087872
0,CNR.TO,0.0,0.0,105.19000000000011,33.20999999999998,0.0,0.0,105.19000000000011,33.20999999999998,0.0,0.0,181.12000000000012,33.25999999999999,0.0,0.0,434.03999999999996,64.64999999999964,130.84,3.317334148578416,NA,NA,NA,NA
0,CNQ.TO,-71.5399999999999,-59.14999999999992,-60.56999999999982,-76.56999999999982,-69.31000000000006,-65.38999999999999,-57.059999999999945,-83.5,-131.16000000000054,-121.12000000000012,-109.90999999999963,-154.68999999999983,-306.3399999999997,-275.23,-218.5699999999988,-298.0499999999988,23.63,1.0,1.4515,57.5368085,-96.839423,28.777316352
0,CP.TO,541.72,541.72,541.72,92.55999999999972,559.2400000000002,559.2400000000002,559.2400000000002,89.38000000000011,824.8399999999992,824.8399999999992,824.8399999999992,253.23999999999933,1798.2000000000007,1798.2000000000007,1891.420000000002,695.8499999999949,368.37,5.134565789830882,16.639000000000003,21.739233,-0.7551680000000012,49.010446336
0,CTC-A.TO,-112.56000000000006,182.89999999999998,78.14000000000021,91.15999999999997,-215.96000000000026,79.49999999999977,-34.86000000000013,1.4399999999998272,-947.4500000000003,-207.42000000000007,-96.11999999999944,-86.2199999999998,-2004.869999999999,-917.71,-186.65999999999894,-35.48000000000138,123.49,1.481091586363268,11.7835,10.58101225,0.8916655000000002,7.863084032
0,CU.TO,2.8700000000000045,2.8700000000000045,2.8700000000000045,16.590000000000146,-1.2200000000000273,-1.2200000000000273,-1.2200000000000273,13.400000000000148,-7.2700000000000955,-7.2700000000000955,-5.620000000000061,12.330000000000155,6.809999999999718,6.809999999999718,12.109999999999786,56.41000000000008,34.36,1.6417345750873131,2.17,15.7172885,-0.4345789999999994,9.329998848
0,CWB.TO,-34.63000000000005,24.590000000000032,24.590000000000032,-3.9700000000000273,-117.10999999999984,-57.88999999999987,-41.53999999999985,-70.09999999999985,-284.94000000000005,-180.93000000000006,-59.909999999999854,-99.90999999999997,-502.2499999999998,-293.7299999999998,-113.76999999999975,-141.16000000000008,22.8,1.0785087719298259,2.8155,7.8728912,-0.9814895999999997,1.92316352
0,CFP.TO,-33.44999999999993,12.940000000000168,9.920000000000186,-30.11999999999989,-139.57000000000016,4.569999999999936,0.8099999999999454,-47.080000000000155,-196.22000000000025,12.549999999999727,9.420000000000073,-37.519999999999754,-344.73999999999955,-4.139999999999873,-11.4399999999996,-74.15000000000009,15.98,1.0,NA,NA,NA,NA
0,WEED.TO,127.10000000000059,68.42000000000007,42.85000000000082,34.61000000000081,74.5,15.139999999999418,-10.600000000000364,-35.98000000000002,79.6899999999996,8.389999999999418,-40.340000000000146,-76.15999999999985,-66.86999999999898,-180.90999999999894,-244.96999999999844,-299.53999999999905,24.46,5.196238757154562,NA,NA,NA,NA
0,CPX.TO,40.02999999999997,40.02999999999997,37.56999999999999,15.930000000000007,46.519999999999925,46.519999999999925,43.569999999999936,21.389999999999986,36.549999999999955,37.989999999999895,33.569999999999936,11.269999999999982,37.5,40.379999999999995,42.139999999999986,13.519999999999982,28.33,1.6420755382986207,NA,NA,NA,NA
0,CJT.TO,283.9200000000001,130.39999999999998,110.31999999999994,50.120000000000005,375.6500000000001,130.14999999999986,110.06999999999994,41.950000000000045,430.7199999999998,123.89999999999964,103.81999999999971,30.419999999999618,1090.7600000000002,281.4400000000005,313.3100000000004,52.01999999999953,165.93,6.57361537997951,1.9095,146.2382515,186.942957,2.576017152
0,CAS.TO,-14.539999999999964,1.7800000000000296,-10.219999999999942,-3.4899999999999523,-37.099999999999966,-6.729999999999961,-27.840000000000032,-10.0,-56.69999999999993,-1.8999999999999773,-24.019999999999754,-6.840000000000032,-70.50999999999976,1.2800000000002,-23.8599999999999,-7.039999999999736,15.27,1.0,0.965,17.2601625,9.479675,1.453351936
0,CLS.TO,-76.80000000000001,-29.460000000000036,-30.02000000000004,-37.24999999999994,-134.2800000000001,-59.78000000000003,-52.57000000000011,-58.37000000000006,-180.08000000000015,-76.54000000000008,-66.86000000000013,-69.8000000000003,-284.78,-126.63999999999987,-89.32999999999993,-82.89000000000033,11.06,1.0,NA,NA,NA,NA
0,CVE.TO,-58.57999999999993,-57.59000000000003,-69.86000000000001,-69.61000000000001,-98.71999999999991,-95.11000000000001,-77.42999999999995,-80.38999999999999,-157.6700000000002,-160.05000000000018,-99.0100000000001,-111.72000000000014,-260.6399999999999,-258.3699999999999,-156.05999999999995,-178.81999999999994,5.96,1.0,NA,NA,NA,NA
0,CG.TO,-11.470000000000084,-3.600000000000108,-8.88000000000008,-10.160000000000053,-26.91999999999996,-6.39999999999992,-15.589999999999918,-17.299999999999898,-33.96999999999997,-7.319999999999936,-18.109999999999957,-19.909999999999968,-61.01999999999998,-24.550000000000068,-33.500000000000114,-37.180000000000064,16.8,1.0,NA,NA,NA,NA
0,CSH-UN.TO,-22.330000000000027,-22.330000000000027,-2.3500000000000227,-2.3500000000000227,-22.460000000000022,-23.07000000000002,-3.090000000000032,-3.090000000000032,-33.069999999999965,-37.53000000000003,-2.1899999999999977,-2.3100000000000023,-67.53999999999999,-73.56000000000006,-2.790000000000134,-2.9100000000001387,9.87,1.0,NA,NA,NA,NA
0,CHE-UN.TO,-35.56,-37.00999999999999,-22.56000000000003,-21.659999999999997,-42.170000000000016,-45.360000000000014,-27.70999999999998,-25.810000000000002,-68.39000000000004,-73.90000000000003,-49.44,-37.14000000000004,-158.04999999999973,-170.80999999999972,-105.85999999999967,-64.48999999999967,5.16,1.0,NA,NA,NA,NA
0,CHP-UN.TO,6.4199999999999875,6.4199999999999875,6.4199999999999875,12.399999999999991,6.4199999999999875,6.4199999999999875,6.4199999999999875,12.149999999999977,8.199999999999989,8.199999999999989,8.199999999999989,14.199999999999989,15.939999999999998,15.939999999999998,15.939999999999998,35.51999999999987,12.68,2.8012618296529865,1.2995,10.094968699999999,4.202676599999999,3.896046848
0,CHR.TO,-19.390100000000004,-31.040699999999987,-28.12990000000002,-21.26430000000002,-21.255799999999994,-33.96079999999996,-34.849999999999994,-27.984399999999994,-26.925299999999993,-49.43270000000001,-51.956699999999955,-45.591099999999955,-73.59050000000002,-115.47089999999997,-94.68370000000004,-83.53049999999996,2.36,1.0,0.554,4.21679765,0.7002627000000001,0.3743552
0,CGX.TO,-45.950000000000045,-26.49000000000001,-26.289999999999964,-47.77999999999997,-45.65000000000032,-31.510000000000446,-31.260000000000332,-70.6700000000003,-61.130000000000564,-40.22000000000048,-39.740000000000464,-88.76999999999975,-50.71999999999798,-35.39999999999873,-39.419999999998254,-103.57000000000016,8.0,1.0,NA,NA,NA,NA
0,CCA.TO,-40.91999999999996,-40.91999999999996,-61.569999999999936,8.850000000000023,-49.57999999999993,-49.57999999999993,-46.450000000000045,41.25,-52.2800000000002,-52.2800000000002,-58.16000000000031,65.09999999999968,41.05000000000041,41.05000000000041,63.54000000000042,163.76000000000022,102.1,1.6039177277179257,7.5335,13.9567935,-0.16117900000000063,5.05506816
0,CIGI.TO,39.57999999999993,90.77999999999997,42.159999999999854,0.8399999999999181,-34.57999999999993,197.89000000000033,113.29999999999973,2.5200000000004366,-172.2199999999989,266.1200000000008,226.48999999999978,-17.239999999999327,-780.1899999999987,-15.409999999999854,213.52999999999884,-173.22999999999956,72.45,3.6731538992408668,3.5974999999999997,20.628829,11.038358,2.755917312
0,CUF-UN.TO,-17.510000000000076,-17.510000000000076,-17.510000000000076,-18.83000000000007,-14.96999999999997,-14.96999999999997,-14.96999999999997,-16.619999999999976,-10.749999999999943,-10.749999999999943,-10.749999999999943,-13.519999999999953,-52.430000000000064,-52.430000000000064,-53.370000000000005,-33.30000000000007,7.98,1.0,NA,NA,NA,NA
0,CSU.TO,2215.789999999999,2215.789999999999,607.9100000000008,863.8699999999999,2215.789999999999,2215.789999999999,908.210000000001,1099.8899999999994,2613.8899999999967,2613.8899999999967,1507.4099999999999,1758.7700000000004,4320.879999999996,4320.879999999996,3307.969999999994,3043.729999999996,1584.37,2.7271912495187336,29.1025,70.2344035,65.534413,33.887326208
0,CJR-B.TO,-57.8826,-49.6446,-35.498999999999995,-35.498999999999995,-75.04639999999989,-61.217799999999926,-44.613799999999856,-44.60389999999987,-107.6597000000001,-83.97800000000012,-62.08650000000006,-64.36890000000005,-184.1309000000001,-150.3819000000001,-112.12040000000002,-117.76240000000007,2.4,1.0,NA,NA,NA,NA
0,BCB.TO,-57.8826,-49.6446,-35.498999999999995,-35.498999999999995,-75.04639999999989,-61.217799999999926,-44.613799999999856,-44.60389999999987,-107.6597000000001,-83.97800000000012,-62.08650000000006,-64.36890000000005,-184.1309000000001,-150.3819000000001,-112.12040000000002,-117.76240000000007,,,NA,NA,NA,NA
0,CPG.TO,-59.68319999999994,-67.18739999999991,-75.4255,-65.56279999999998,-150.26679999999993,-160.4260000000001,-151.6986,-117.719,-247.8282999999999,-264.5633999999999,-226.38030000000003,-172.51260000000002,-366.17459999999994,-390.2361999999998,-334.68629999999996,-222.7371999999998,2.07,1.0,NA,NA,NA,NA
0,CRR-UN.TO,7.610000000000014,7.610000000000014,7.610000000000014,15.030000000000001,7.199999999999989,7.199999999999989,7.199999999999989,14.619999999999976,2.389999999999958,2.389999999999958,3.2899999999999636,9.439999999999998,4.1200000000000045,4.1200000000000045,7.72999999999999,10.070000000000022,13.05,1.1517241379310346,0.9670000000000001,13.564254,2.328506000000001,2.05792832
0,CRON.TO,-21.589999999999804,-27.39999999999975,-28.339999999999804,-38.299999999999955,-43.09000000000037,-44.72000000000048,-47.19000000000051,-70.62000000000012,-94.34000000000015,-99.30000000000018,-102.23000000000047,-131.5300000000002,-155.00000000000045,-170.39000000000033,-178.3100000000004,-219.77000000000044,8.78,1.0,1.2905,34.4934037,75.9362726,3.285922048
0,DSG.TO,132.38000000000005,47.65999999999997,30.559999999999945,3.4699999999999136,151.43,54.579999999999984,36.71999999999986,-4.7000000000000455,362.65,207.66999999999985,51.960000000000036,-30.739999999999554,607.4100000000001,411.06000000000085,58.559999999999945,-65.17000000000007,75.41,8.054767272245062,0.514,149.48755,15.123260000000016,6.474063872
0,DGC.TO,16.19999999999999,11.569999999999993,-1.5699999999999932,6.909999999999968,27.34000000000009,21.31000000000006,6.4300000000001205,11.67999999999995,13.669999999999845,15.53999999999985,2.5,2.1800000000000637,-1.0699999999992542,17.040000000000646,1.3899999999998727,-10.86999999999989,23.1,1.1835497835497872,0.41050000000000003,241.470601,422.941198,4.11099136
0,DOL.TO,16.21999999999997,-14.3599999999999,5.300000000000068,-1.3400000000000318,16.21999999999997,-16.579999999999927,6.500000000000114,14.230000000000132,16.21999999999997,-46.3900000000001,-9.569999999999936,34.9699999999998,16.21999999999997,-251.66000000000122,-139.96000000000004,41.5,48.98,1.0,1.9715,25.290226,6.118912000000002,15.277809664
0,DIR-UN.TO,2.6099999999999994,2.6099999999999994,4.389999999999986,4.8700000000000045,-3.549999999999983,-3.549999999999983,-1.7700000000000102,-1.289999999999992,-0.6099999999999852,-0.6099999999999852,-1.2199999999999704,-1.3999999999999773,-23.309999999999945,-23.309999999999945,-25.840000000000032,-26.139999999999986,11.0,1.0,1.4024999999999999,7.8995917,-1.1546646000000003,1.682357376
0,D-UN.TO,29.569999999999993,32.69,61.94999999999999,33.35000000000002,21.30000000000001,24.419999999999902,53.67999999999989,25.079999999999984,23.02000000000004,28.219999999999857,57.47999999999985,28.87999999999994,4.1700000000003,13.530000000000086,94.87000000000012,35.250000000000114,19.69,4.818181818181824,1.8235000000000001,20.7684255,-29.008596999999995,1.078944512
0,ECN.TO,2.5208000000000013,-9.957999999999998,-7.528799999999997,-8.599599999999995,7.118300000000033,-11.52179999999997,-11.530899999999974,-12.765599999999964,15.09359999999998,-15.280699999999996,-20.305000000000007,-21.65390000000002,61.04680000000002,-14.440199999999948,-34.96870000000007,-38.753600000000006,4.72,12.933644067796616,0.20550000000000002,222.780675,421.71135,1.154387712
0,ELD.TO,38.51999999999987,32.05999999999989,-25.569999999999965,-31.999999999999943,67.65999999999997,50.67999999999995,-30.910000000000025,-45.57000000000005,114.30000000000007,79.50000000000011,-30.749999999999886,-55.79999999999984,179.11000000000013,125.11000000000001,-44.44999999999993,-70.96000000000004,16.83,10.642305407011298,0.765,22.115741,-2.601849999999999,2.819885568
0,EFN.TO,14.169999999999959,4.0499999999999545,2.4199999999999875,-13.619999999999948,11.759999999999934,1.6399999999999295,-0.8900000000000432,-17.509999999999934,5.020000000000039,-6.569999999999936,-10.399999999999977,-31.879999999999995,-30.09999999999991,-46.64999999999998,-51.679999999999836,-79.48000000000002,11.24,1.2606761565836262,0.539,59.1171225,94.543525,5.032079872
0,EMA.TO,69.39999999999998,69.39999999999998,11.17999999999995,6.770000000000039,119.43000000000006,119.43000000000006,46.77999999999997,36.49000000000012,137.82999999999993,137.82999999999993,50.75,40.46000000000015,252.5799999999996,252.5799999999996,64.48999999999967,53.04000000000008,55.75,4.530582959641248,3.3200000000000003,16.8457235,-2.8414469999999987,13.588190208
0,EMP-A.TO,27.44999999999999,30.930000000000007,20.25,10.129999999999995,44.829999999999984,49.269999999999925,38.59000000000003,27.970000000000027,102.00000000000023,111.81999999999994,96.12000000000012,55.67000000000007,166.6099999999999,188.56999999999994,149.09999999999968,94.36999999999944,34.41,5.4800929962220275,2.37,14.738817000000001,2.736320000000001,9.3192448
0,ENB.TO,-1.17999999999995,-1.17999999999995,-1.17999999999995,-4.059999999999945,8.609999999999786,8.609999999999786,8.609999999999786,-7.5900000000001455,8.220000000000141,8.220000000000141,8.220000000000141,-32.51999999999998,49.42000000000098,49.42000000000098,29.57000000000062,-20.479999999998654,42.87,1.1527874970842311,1.83,31.4567045,30.597230999999997,89.007104
0,ECA.TO,-1.17999999999995,-1.17999999999995,-1.17999999999995,-4.059999999999945,8.609999999999786,8.609999999999786,8.609999999999786,-7.5900000000001455,8.220000000000141,8.220000000000141,8.220000000000141,-32.51999999999998,49.42000000000098,49.42000000000098,29.57000000000062,-20.479999999998654,,,NA,NA,NA,NA
0,EDV.TO,-3.060000000000059,-2.599999999999852,-12.189999999999998,-2.0300000000000296,3.6399999999999864,6.67999999999995,-0.900000000000091,4.119999999999891,1.6299999999996544,37.80999999999926,19.919999999999845,9.740000000000009,-28.199999999999818,89.19000000000051,61.08000000000084,23.200000000000728,36.09,2.4713216957606123,NA,NA,NA,NA
0,EFX.TO,-41.61439999999999,-15.606599999999958,-17.37609999999998,-15.733799999999974,-94.87670000000008,-34.23220000000009,-32.2697,-18.981600000000014,-185.72309999999987,-69.82579999999984,-59.84229999999991,-35.06569999999988,-266.01070000000004,-110.46400000000017,-97.57599999999957,-68.20139999999992,4.97,1.0,1.14,8.32899325,-11.3975695,0.452877952
0,ERF.TO,-43.727600000000024,-52.66720000000001,-53.22270000000006,-56.13500000000002,-91.74420000000026,-109.79590000000024,-108.16099999999994,-82.38449999999995,-177.8725000000003,-215.93160000000023,-202.26160000000039,-137.73980000000006,-318.2092,-394.1619999999998,-344.3544999999997,-226.19709999999964,3.31,1.0,NA,NA,NA,NA
0,ENGH.TO,126.77999999999997,24.159999999999968,9.119999999999948,10.71999999999997,129.80000000000007,27.180000000000064,12.140000000000043,13.740000000000066,191.44000000000017,38.62000000000012,6.550000000000068,8.480000000000132,337.2900000000004,61.870000000000346,2.7600000000004457,-11.6899999999996,75.91,4.443288104334085,1.645,47.126035,8.307929999999999,4.231899904
0,EQB.TO,-54.19999999999959,-54.19999999999959,-131.98999999999955,-168.9299999999996,-41.79999999999973,-41.79999999999973,-135.74999999999977,-172.68999999999983,20.27999999999929,20.27999999999929,-132.78999999999996,-195.17999999999984,293.47000000000025,293.47000000000025,-221.85999999999967,-389.2400000000007,77.53,3.785244421514256,11.9535,6.51005085,1.1507702999999996,1.297691648
0,ERO.TO,-22.45999999999998,-21.279999999999973,-21.279999999999973,-24.45999999999998,-48.91000000000014,-58.36000000000013,-60.91000000000014,-64.85000000000014,-32.47999999999979,-74.85999999999967,-89.66999999999973,-94.02999999999986,-50.22999999999979,-139.52999999999975,-182.28999999999996,-190.28999999999996,16.12,1.0,0.812,37.3161765,50.367647,1.41410944
0,EIF.TO,7.889999999999873,-0.31000000000011596,-5.0200000000000955,-3.720000000000141,5.1400000000001,-4.219999999999914,-22.339999999999804,-21.61999999999989,-32.66000000000031,24.369999999999436,-25.240000000000236,-30.210000000000036,-116.62000000000035,4.7199999999998,-107.35000000000036,-86.22000000000025,26.61,1.0,2.246,11.700848,1.2919900000000002,0.91291808
0,EXE.TO,-6.390000000000001,-6.090000000000003,-6.030000000000001,-4.590000000000003,-6.519999999999996,-10.799999999999997,-10.690000000000012,-10.91000000000004,-5.569999999999993,-8.009999999999962,-13.98999999999998,-14.530000000000001,-39.25999999999999,-6.270000000000039,-51.36000000000007,-56.139999999999986,5.62,1.0,0.356,15.8166035,0.35543100000000116,0.503944096
0,FFH.TO,-398.28999999999996,-398.28999999999996,-25.429999999999836,65.86999999999989,-497.91000000000076,-497.91000000000076,-456.5500000000002,-233.89000000000033,-1348.4299999999967,-1348.4299999999967,-1386.6399999999958,-883.1799999999967,-4498.12000000001,-4498.12000000001,-1711.630000000012,-788.8600000000042,419.68,1.0,NA,NA,NA,NA
0,FTT.TO,-9.940000000000083,-1.5900000000000603,-0.9100000000000819,-0.8100000000000875,-54.24999999999994,-28.19999999999999,-26.159999999999968,-25.859999999999957,-262.0200000000001,-84.55000000000018,-35.470000000000255,-35.85000000000025,-637.04,-193.2800000000002,-65.10000000000036,-71.74000000000046,19.1,1.0,1.5655000000000001,12.4274995,-1.1986910000000002,3.146438656
0,FCR-UN.TO,-24.850000000000023,-24.850000000000023,-24.850000000000023,4.130000000000024,-17.670000000000016,-17.670000000000016,-29.910000000000025,-1.0400000000000205,-19.30000000000001,-19.30000000000001,-34.60000000000002,1.8599999999999568,-70.89000000000016,-70.89000000000016,-98.43000000000018,-2.3500000000001364,13.58,1.0,NA,NA,NA,NA
0,FR.TO,5.189999999999998,-10.819999999999993,-18.880000000000052,-22.390000000000043,-2.1399999999998727,-24.879999999999995,-36.190000000000055,-40.280000000000086,-8.269999999999868,-43.749999999999886,-58.10000000000002,-59.979999999999905,-6.6599999999998545,-61.67999999999938,-83.05999999999995,-92.7199999999998,17.88,1.0,NA,NA,NA,NA
0,FM.TO,-2.5999999999997954,4.140000000000214,-16.47999999999979,-24.22999999999979,-5.019999999999982,1.7199999999999136,-9.080000000000041,-21.730000000000018,-46.75999999999976,-30.399999999999864,-25.159999999999627,-42.50999999999976,-108.92999999999984,-60.35999999999967,-32.36999999999989,-58.789999999999964,11.32,1.0,NA,NA,NA,NA
0,FSV.TO,420.67999999999984,379.77999999999975,180.1300000000001,102.6400000000001,580.49,525.8100000000002,306.66999999999985,150.56000000000017,776.1600000000003,699.6200000000003,415.77,182.37000000000035,1420.9900000000007,1223.9900000000007,720.79,229.64999999999964,160.2,8.87009987515606,2.4775,79.59009549999999,69.550979,6.927816704
0,FTS.TO,80.68,80.68,64.83999999999997,7.1200000000000045,91.61000000000001,91.61000000000001,72.25,12.649999999999977,91.61000000000001,91.61000000000001,72.25,12.649999999999977,135.53999999999996,135.53999999999996,110.89999999999998,26.86999999999989,54.55,2.4846929422548114,2.7595,19.8197295,1.4436549999999997,25.37645056
0,FNV.TO,198.88,198.88,20.980000000000132,64.36000000000001,279.02,279.02,12.419999999999845,95.75,467.28999999999996,460.78999999999996,75.15000000000009,149.099999999999,1755.6499999999996,1749.1499999999996,483.46000000000095,295.9200000000001,214.1,8.20014012143858,1.8014999999999999,154.85859,145.87568,41.235156992
0,FRU.TO,-49.56190000000001,-18.833300000000023,-11.757699999999986,-23.475400000000008,-76.89089999999999,-35.0933,-28.318899999999957,-42.17269999999999,-210.1805,-51.34159999999997,-43.448899999999924,-70.83679999999993,-440.0482999999999,-98.99589999999978,-91.10319999999967,-138.83399999999995,3.58,1.0,0.01,46.875,281.25,0.444990016
0,FEC.TO,-75.16120000000001,-23.179899999999975,-12.390500000000031,-20.38020000000003,-126.67540000000002,-57.82049999999998,-26.74479999999994,-32.99679999999995,-252.23939999999976,-100.52269999999965,-59.634499999999775,-64.27229999999975,-569.7757999999999,-257.47469999999976,-129.22620000000006,-126.65099999999984,2.76,1.0,NA,NA,NA,NA
0,MIC.TO,-4.2099999999999795,-0.2899999999999636,-14.810000000000002,-30.129999999999995,13.42999999999995,11.740000000000123,-2.1499999999999773,-18.999999999999886,-23.800000000000068,-28.709999999999923,-45.92999999999995,-66.32999999999993,18.290000000000873,-14.090000000000373,-36.0799999999997,-105.95999999999913,33.19,1.0,4.563000000000001,7.16034675,-0.7626405000000007,2.8093376
0,WN.TO,0.0,1.9800000000000182,1.9800000000000182,-2.759999999999991,0.0,6.0,6.0,1.259999999999991,0.0,18.47000000000014,18.47000000000014,12.670000000000073,0.0,105.63000000000011,105.63000000000011,89.23000000000002,101.17,1.0440842146881497,6.5969999999999995,15.8768745,5.886743000000001,15.542285312
0,GEI.TO,34.79999999999998,48.900000000000006,31.97999999999999,12.919999999999959,36.11999999999995,52.11999999999989,34.67999999999995,8.029999999999802,22.420000000000073,41.74000000000001,26.12999999999988,-6.750000000000114,18.080000000000155,64.7299999999999,58.41000000000008,-10.889999999999873,22.06,2.9342701722574756,1.1105,20.648804499999997,-1.5061250000000008,3.348185856
0,GIL.TO,-56.520000000000095,-57.190000000000055,-65.40999999999997,9.569999999999936,-77.31999999999994,-77.9899999999999,-90.31999999999994,-15.339999999999918,-108.66999999999973,-109.33999999999969,-133.99999999999966,-26.09999999999968,-276.30000000000064,-278.98,-307.74999999999955,-90.94999999999982,23.77,1.0,NA,NA,NA,NA
0,GRT-UN.TO,55.539999999999964,55.539999999999964,55.539999999999964,38.67999999999995,55.539999999999964,55.539999999999964,55.539999999999964,38.67999999999995,40.919999999999845,40.919999999999845,40.919999999999845,24.05999999999983,27.38000000000011,27.38000000000011,27.38000000000011,16.990000000000236,77.9,1.0,5.3485,16.8874095,-11.609797,4.606812672
0,GC.TO,33.73000000000002,33.73000000000002,33.73000000000002,9.57000000000005,-0.8699999999998909,-1.0899999999999181,6.930000000000064,-17.229999999999905,49.33999999999992,48.679999999999836,72.15999999999985,-26.549999999999727,258.3999999999987,199.03999999999996,265.5100000000002,72.65000000000009,26.58,9.989089541008285,2.3775,15.537546800000001,-16.3054384,1.481208192
0,GWO.TO,-33.57000000000005,-19.870000000000033,1.1899999999999409,1.1899999999999409,-32.90000000000006,-19.700000000000045,1.3599999999999,1.6599999999999113,-63.01999999999998,-49.26999999999987,-29.029999999999973,-29.200000000000045,-177.26999999999975,-142.8299999999997,-48.35999999999967,-48.58999999999969,23.68,1.0,2.5275,9.6225135,2.531739,22.171551744
0,HR-UN.TO,-40.94,-59.54000000000005,-59.54000000000005,-16.160000000000053,-50.22999999999999,-70.07,-70.07,-26.689999999999998,-71.22999999999999,-96.03000000000003,-97.28000000000003,-53.89999999999998,-97.41000000000003,-125.07,-126.32,-82.94,10.05,1.0,NA,NA,NA,NA
0,HEXO.TO,-36.28000000000003,-35.70000000000002,-40.28,-44.20000000000002,-48.59000000000003,-48.39999999999998,-55.629999999999995,-61.25999999999999,-70.95000000000005,-69.99000000000001,-81.08999999999997,-89.39000000000004,-105.21000000000004,-105.07999999999993,-117.46000000000004,-126.6400000000001,0.91,1.0,NA,NA,NA,NA
0,HCG.TO,69.86000000000013,-6.6599999999998545,-6.299999999999898,-18.459999999999923,61.59999999999991,-21.32000000000005,-21.340000000000032,-33.30000000000007,78.19999999999982,-83.68000000000029,-94.68000000000029,-108.84000000000026,132.1400000000001,-189.9000000000001,-258.32000000000016,-279.0999999999999,22.53,5.865068797159347,2.901,7.94783815,2.898591699999999,1.154735744
0,HBM.TO,-46.56430000000006,-20.658400000000086,-19.94310000000013,-25.101600000000076,-80.8300999999999,-40.4806999999999,-34.30189999999993,-42.464899999999886,-162.82529999999997,-101.53379999999993,-69.84469999999988,-80.91679999999985,-275.23569999999995,-169.5858999999998,-104.65329999999994,-123.00869999999986,4.21,1.0,NA,NA,NA,NA
0,HBC.TO,2.75,4.150000000000006,4.189999999999998,4.189999999999998,0.029999999999972715,8.539999999999992,8.619999999999976,7.030000000000001,-0.7899999999999068,8.250000000000114,8.330000000000098,0.980000000000075,11.400000000000432,18.950000000000387,18.460000000000377,-0.17999999999960892,10.99,1.7242948134668232,NA,NA,NA,NA
0,HSE.TO,-10.832100000000025,-10.832100000000025,-14.60910000000004,-16.816200000000038,-21.874499999999955,-23.774500000000046,-37.206399999999974,-41.4187,-99.83379999999988,-103.05380000000002,-110.92830000000004,-101.8155999999999,-195.20300000000088,-199.61300000000006,-197.95859999999993,-151.0012999999999,4.31,1.0,NA,NA,NA,NA
0,H.TO,0.0,-0.009999999999990905,-0.28000000000000114,-0.28000000000000114,0.0,-0.009999999999990905,-0.28000000000000114,-0.28000000000000114,0.0,2.030000000000001,1.579999999999984,1.579999999999984,0.0,37.41000000000031,36.24000000000012,40.59000000000003,28.54,1.4222144358794686,1.435,19.810421,1.2424660000000003,16.957980672
0,IMG.TO,-19.96999999999997,-15.779999999999973,-21.009999999999934,-20.22999999999996,-35.48999999999995,-27.739999999999952,-36.94999999999999,-37.129999999999995,-60.579999999999984,-47.25999999999999,-60.99000000000001,-53.64000000000004,-103.13999999999976,-73.39999999999986,-93.34000000000015,-84.34000000000003,6.69,1.0,NA,NA,NA,NA
0,IGM.TO,-62.22,-62.22,-33.31999999999999,-19.19999999999999,-91.44,-91.44,-62.54000000000002,-48.420000000000016,-169.77999999999997,-170.67999999999995,-68.59999999999991,-49.42999999999995,-359.57000000000016,-361.3699999999999,-82.59000000000015,-32.25999999999999,32.93,1.0,3.1405000000000003,10.4681415,0.2633289999999988,7.833183744
0,IMO.TO,-89.57999999999998,-89.57999999999998,11.160000000000025,7.360000000000014,-157.64000000000004,-157.64000000000004,7.349999999999966,-4.370000000000061,-378.19000000000005,-383.37,-18.389999999999986,-45.139999999999986,-1008.2299999999998,-1032.4499999999996,-119.70999999999913,-176.38999999999942,20.95,1.0,NA,NA,NA,NA
0,INE.TO,35.54999999999998,35.54999999999998,2.309999999999988,6.269999999999982,44.059999999999974,44.059999999999974,10.819999999999993,14.780000000000001,67.76999999999995,67.76999999999995,9.599999999999994,12.090000000000003,146.80999999999983,146.80999999999983,10.43999999999994,11.249999999999886,22.99,6.385819921705083,NA,NA,NA,NA
0,IFC.TO,291.9400000000003,203.6400000000001,88.77999999999997,50.080000000000155,296.5600000000004,190.5999999999999,75.73999999999978,24.139999999999873,296.5600000000004,190.5999999999999,75.73999999999978,24.139999999999873,419.9699999999998,278.6899999999998,137.01999999999907,85.8100000000004,146.24,2.8717861050328213,6.9350000000000005,22.162627999999998,10.514064000000001,20.744761344
0,IPL.TO,13.209999999999894,12.409999999999883,6.030000000000001,-1.450000000000017,9.93999999999997,8.73999999999998,-2.8899999999999864,-10.269999999999982,-4.580000000000041,-6.980000000000018,-35.579999999999984,-45.370000000000005,-14.3599999999999,-21.960000000000036,-119.85999999999922,-141.04999999999973,12.55,1.0525896414342544,1.006,14.4175375,-7.624382999999998,5.738646016
0,IIP-UN.TO,0.0,18.42000000000003,1.1600000000000108,0.3200000000000358,0.0,11.240000000000038,-6.019999999999982,-6.859999999999957,0.0,7.940000000000026,-9.319999999999993,-10.159999999999968,0.0,1.17999999999995,13.749999999999943,-0.8800000000001091,13.66,1.348462664714497,NA,NA,NA,NA
0,IFP.TO,-79.32999999999993,-33.72000000000014,-44.920000000000186,-81.53000000000009,-121.30999999999983,-19.949999999999932,-25.289999999999964,-93.39999999999986,-212.21000000000026,-67.69000000000005,-31.039999999999964,-108.58000000000015,-314.99,-113.51000000000022,8.019999999999527,-122.75,15.55,1.0,NA,NA,NA,NA
0,ITP.TO,-12.179999999999922,-18.439999999999998,-24.739999999999952,-31.249999999999943,-14.119999999999948,-22.519999999999868,-30.2199999999998,-45.149999999999864,-27.87000000000012,-35.79000000000008,-44.029999999999916,-65.18999999999994,-128.89000000000033,-135.55000000000018,-142.73000000000047,-102.24000000000046,16.0,1.0,0.86,18.0934765,4.207784999999998,0.905798912
0,IVN.TO,-19.28,-21.27000000000001,-23.830000000000013,-27.659999999999968,-29.68999999999994,-33.39999999999998,-36.86999999999995,-43.120000000000005,-50.050000000000125,-58.020000000000095,-57.69999999999999,-65.55000000000007,-77.46000000000004,-88.26999999999998,-84.13999999999999,-93.38999999999999,4.72,1.0,0.3655,2343.20522915,4673.5885417,5.606779904
0,JWEL.TO,18.14999999999995,24.010000000000048,7.850000000000023,6.170000000000016,18.14999999999995,24.010000000000048,9.79000000000002,8.110000000000014,6.410000000000025,17.460000000000093,0.22999999999996135,-1.4500000000000455,-13.749999999999773,10.669999999999845,-5.189999999999941,-17.83000000000004,38.56,1.0,1.03,38.684879,12.769768,1.52208192
0,KEY.TO,-142.10000000000008,-58.44000000000011,-63.32000000000011,-31.020000000000095,-191.59000000000015,-86.8900000000001,-93.13000000000011,-60.83000000000004,-303.75999999999993,-135.93999999999994,-145.83999999999992,-82.99999999999977,-781.1899999999998,-367.75999999999976,-391.0799999999999,-167.03999999999996,20.36,1.0,1.8655,12.3296895,-5.492345,4.807123456
0,KMP-UN.TO,27.720000000000056,2.039999999999992,-10.620000000000005,-14.219999999999999,25.09000000000006,-4.870000000000033,-17.53000000000003,-21.130000000000024,26.840000000000032,-5.260000000000048,-17.920000000000044,-21.52000000000004,38.5499999999999,-10.699999999999989,-6.420000000000016,-21.45999999999998,17.4,2.2155172413793047,2.072,10.338637,-9.200987999999999,1.756672256
0,KXS.TO,-3.0000000000002274,7.439999999999827,-13.240000000000236,20.45999999999981,101.09000000000015,113.27000000000021,42.86000000000013,58.26000000000022,124.21000000000004,246.12999999999965,79.91999999999962,150.73999999999933,240.78000000000156,439.4899999999989,240.4300000000003,269.2499999999991,203.4,2.1607177974434557,1.19,201.3184,128.57309999999998,5.703576576
0,K.TO,1.2600000000000051,-10.38000000000001,-4.609999999999999,-7.329999999999984,14.280000000000001,-20.95999999999998,-13.529999999999973,-17.24000000000001,28.850000000000023,-46.18000000000001,-23.20999999999998,-28.619999999999948,55.419999999999845,-77.21000000000026,-36.330000000000155,-45.840000000000146,12.5,4.433599999999988,0.4195,58.621680500000004,-80.910499,16.203039744
0,KL.TO,-30.350000000000023,-41.319999999999936,-49.960000000000036,24.53999999999985,-37.77999999999997,-49.360000000000014,-68.56000000000006,37.1099999999999,-74.62999999999988,-84.80999999999972,-154.5899999999997,50.46000000000049,-19.46000000000049,-35.5300000000002,-177.04000000000042,87.47999999999956,73.15,1.1958988380040951,3.3280000000000003,22.5953135,5.458722999999999,20.444411904
0,GUD.TO,-5.549999999999997,-5.549999999999997,-7.310000000000002,-7.469999999999999,-5.950000000000003,-5.950000000000003,-9.030000000000015,-9.310000000000002,-17.93999999999994,-17.93999999999994,-23.719999999999942,-18.989999999999952,-18.439999999999998,-18.439999999999998,-24.659999999999968,-25.97999999999996,6.92,1.0,0.08,99.636364,74.727272,0.896925312
0,LIF.TO,26.50999999999999,5.860000000000014,5.710000000000036,-5.289999999999964,-56.950000000000045,-34.65999999999997,-0.9300000000000637,-3.910000000000082,-88.75999999999999,-61.82999999999993,-2.1100000000000136,-4.779999999999859,-222.24,-189.50000000000045,-46.62000000000012,-50.57999999999993,25.66,1.0331254871395164,2.92,9.0692125,-2.5468330000000003,1.66144
0,LB.TO,-66.67000000000007,-70.15000000000009,-80.8300000000001,-47.90000000000009,-79.85000000000002,-85.94000000000005,-104.63000000000011,-61.59000000000003,-108.72000000000003,-120.89999999999986,-159.68999999999983,-120.68000000000006,-171.18000000000052,-193.80000000000018,-265.2700000000011,-223.3600000000008,26.55,1.0,2.643,10.0606825,-0.7841470000000008,1.140046336
0,LSPD.TO,35.04999999999984,32.22999999999979,20.789999999999964,21.089999999999804,-4.650000000000091,-15.080000000000155,-27.880000000000337,-26.230000000000018,9.2199999999998,-16.039999999999964,-36.57999999999993,-36.539999999999964,71.37000000000035,36.70000000000073,12.200000000000273,5.800000000000182,37.84,1.8860993657505376,NA,NA,NA,NA
0,LNR.TO,1.190000000000282,56.97000000000003,37.75000000000023,51.240000000000464,-69.0300000000002,58.000000000000455,33.04000000000042,46.24000000000001,-486.2100000000005,35.25999999999976,24.690000000000055,42.72999999999956,-1408.3700000000008,-212.07999999999993,-192.3799999999992,-122.30999999999767,40.0,1.4500000000000113,5.398,7.4503322,-0.9882249999999999,2.600950528
0,L.TO,81.04000000000002,18.200000000000017,15.76000000000002,15.76000000000002,89.41000000000003,26.07000000000005,23.630000000000052,23.630000000000052,151.60000000000008,56.84000000000009,53.18000000000012,53.18000000000012,253.51000000000033,95.91000000000031,89.8100000000004,89.8100000000004,69.49,3.6481508130666334,3.8280000000000003,19.80882,11.198088,24.962725888
0,LUN.TO,-7.370000000000019,-2.410000000000025,-4.160000000000025,-2.880000000000024,-17.900000000000063,-6.180000000000007,-9.210000000000008,-9.519999999999982,-45.129999999999995,-11.8599999999999,-26.0,-29.61000000000007,-132.3499999999999,-27.919999999999845,-58.51999999999998,-74.59999999999991,7.5,1.0,0.2645,64.083336,94.731888,5.642975744
0,MAG.TO,-6.480000000000018,5.649999999999977,2.2200000000000273,1.480000000000075,-23.529999999999973,5.069999999999936,-4.829999999999927,-3.849999999999909,-37.749999999999886,8.420000000000073,-4.299999999999727,-7.989999999999782,-104.75999999999999,6.340000000000373,-3.7100000000000364,-16.59999999999968,22.63,1.0,NA,NA,NA,NA
0,MEG.TO,-27.42999999999995,-31.659999999999968,-31.339999999999975,-44.47999999999996,-48.110000000000014,-53.680000000000064,-42.379999999999995,-58.14999999999998,-74.13000000000011,-85.92000000000007,-56.4699999999998,-75.66999999999996,-131.20000000000005,-155.56000000000017,-76.63000000000011,-98.97000000000003,3.54,1.0,NA,NA,NA,NA
0,MTY.TO,-366.93000000000006,-375.8600000000001,-392.26,-135.90999999999963,-391.1700000000001,-401.78999999999996,-417.5799999999999,-129.68999999999983,-513.5300000000004,-526.0799999999997,-541.1499999999996,-109.12999999999965,-874.7299999999996,-893.19,-907.0399999999995,-71.19000000000187,28.9,1.0,NA,NA,NA,NA
0,MG.TO,-136.58000000000004,-40.58000000000004,37.299999999999955,13.539999999999964,-316.33999999999946,-65.9399999999996,16.250000000000455,-14.799999999999727,-423.00999999999954,-95.40999999999963,20.71000000000049,-18.1599999999994,-1016.8400000000001,-283.9400000000005,-72.49000000000069,-46.69000000000051,61.91,1.0,5.0785,15.064526,12.526828000000002,18.88996352
0,MFC.TO,-25.149999999999977,-27.530000000000058,-14.35000000000008,-4.430000000000064,-67.66000000000008,-71.91000000000003,-26.410000000000025,-23.400000000000034,-86.0500000000003,-91.14999999999998,-22.079999999999927,-22.249999999999886,-172.28999999999996,-183.9899999999999,-48.26999999999987,-46.54999999999973,17.95,1.0,2.659,6.87983265,1.7128426999999995,34.929676288
0,MFI.TO,16.370000000000005,-6.53000000000003,-17.78000000000003,2.1899999999999977,32.60000000000002,-4.0400000000000205,-20.39999999999992,0.9200000000000159,62.860000000000014,3.32000000000005,-22.780000000000086,15.82000000000005,160.73999999999955,22.839999999999463,-19.269999999999754,54.33999999999992,29.46,5.456211812627276,0.829,46.59621,45.078599999999994,3.667266304
0,MRE.TO,15.769999999999982,-5.739999999999981,-24.659999999999968,-23.779999999999973,15.5,-8.410000000000082,-38.91000000000008,-45.31000000000006,31.530000000000086,4.799999999999727,-47.670000000000186,-68.81000000000006,33.23999999999978,3.6299999999998818,-73.06000000000017,-104.40000000000009,9.96,3.3373493975903394,1.9005,5.272428850000001,0.05271030000000021,0.801208192
0,MX.TO,-152.15999999999985,-84.70999999999981,-94.0899999999998,-154.14999999999986,-295.00999999999976,-124.06999999999948,-127.51999999999953,-220.06999999999948,-839.9399999999996,-421.9800000000009,-384.8000000000002,-433.3600000000001,-1326.3099999999995,-768.7799999999988,-571.0099999999984,-661.6099999999988,24.82,1.0,NA,NA,NA,NA
0,MRU.TO,0.0,0.0,0.05000000000001137,0.05000000000001137,0.0,0.0,0.05000000000001137,0.05000000000001137,0.0,0.0,0.05000000000001137,0.05000000000001137,0.0,0.0,28.100000000000023,17.879999999999995,58.76,1.0,3.1405,18.9127645,3.1255290000000002,14.852088832
0,MSI.TO,40.75,40.75,21.00999999999999,21.00999999999999,37.72000000000003,37.72000000000003,17.980000000000018,17.980000000000018,37.5800000000001,37.5800000000001,17.84000000000009,17.84000000000009,42.789999999999964,42.789999999999964,9.300000000000068,8.149999999999977,31.08,1.3767696267696257,0.8095,38.3408635,7.6255470000000045,2.044857088
0,MTL.TO,-55.14999999999995,-26.98999999999998,-26.329999999999984,-25.869999999999976,-72.62999999999994,-42.71999999999997,-41.72999999999996,-36.289999999999964,-86.93999999999994,-53.79000000000008,-52.470000000000084,-44.13000000000011,-264.5500000000002,-186.0000000000001,-180.99000000000012,-94.89000000000021,9.6,1.0,0.5365,17.467616,-0.42326200000000114,0.972830848
0,NFI.TO,-116.70000000000027,-32.76000000000022,-37.50000000000023,-34.34000000000026,-169.90999999999985,-56.58000000000004,-52.23000000000002,-56.23000000000002,-374.25,-141.97000000000003,-103.58000000000038,-135.14000000000033,-904.2600000000007,-438.2399999999989,-372.2199999999998,-404.24999999999955,14.99,1.0,NA,NA,NA,NA
0,OSB.TO,-60.039999999999964,-41.56000000000006,-20.840000000000032,-46.75999999999988,-105.38000000000022,-89.36000000000013,-54.840000000000146,-81.27000000000021,-160.23000000000025,-112.41999999999985,-48.149999999999864,-81.48999999999978,-283.9200000000005,-124.98000000000002,8.61999999999989,-44.17000000000007,43.56,1.0,NA,NA,NA,NA
0,NWH-UN.TO,-5.629999999999953,-5.629999999999953,-2.689999999999955,-2.649999999999949,-8.799999999999955,-8.799999999999955,-5.859999999999957,-5.8199999999999505,-15.990000000000038,-15.480000000000047,-10.56000000000006,-10.800000000000068,-39.829999999999984,-37.910000000000025,-28.170000000000016,-16.589999999999975,11.25,1.0,0.54,20.897834,-2.3219819999999984,1.981743872
0,NPI.TO,45.04999999999998,45.04999999999998,45.04999999999998,19.830000000000013,45.04999999999998,45.04999999999998,45.04999999999998,19.830000000000013,78.69000000000005,78.69000000000005,78.69000000000005,25.580000000000098,150.21000000000004,150.21000000000004,150.21000000000004,46.38999999999987,36.7,4.092915531335151,1.922,19.4354275,-0.4449329999999989,7.530731008
0,NVU-UN.TO,87.07000000000005,87.07000000000005,18.069999999999993,17.670000000000016,87.07000000000005,87.07000000000005,18.069999999999993,17.670000000000016,89.98000000000002,89.98000000000002,20.279999999999973,19.879999999999995,148.68999999999994,148.68999999999994,77.78999999999996,24.809999999999945,35.04,4.243436073059359,3.708,9.4633775,-0.9596090000000004,2.420694528
0,NG.TO,9.719999999999999,1.4399999999999977,-5.250000000000028,-8.790000000000049,18.090000000000032,3.3700000000000045,-6.740000000000009,-13.160000000000025,24.57000000000005,-0.24999999999982947,-17.509999999999934,-24.319999999999936,51.08000000000027,-7.980000000000246,-29.519999999999982,-43.01999999999998,12.25,4.1697959183673685,NA,NA,NA,NA
0,NTR.TO,-6.180000000000064,-6.180000000000064,-5.060000000000059,-17.220000000000027,-3.2100000000000364,17.92999999999995,20.16999999999996,1.2499999999998863,-219.52999999999975,-191.93000000000006,-69.92000000000007,10.430000000000064,-870.5800000000008,-837.7600000000007,-580.5700000000011,-185.71000000000095,43.62,1.0,1.9055,25.124187499999998,8.293423,26.505127936
0,ONEX.TO,-191.81000000000017,-191.81000000000017,-191.81000000000017,-88.39000000000033,-229.1199999999999,-229.1199999999999,-229.1199999999999,-125.69999999999982,-385.28999999999996,-385.28999999999996,-385.28999999999996,-199.85999999999967,-1245.5099999999998,-1245.5099999999998,-1245.5099999999998,-367.3800000000001,59.54,1.0,NA,NA,NA,NA
0,OGC.TO,-12.470399999999998,-21.500299999999996,-18.832700000000003,-18.932699999999997,-14.892299999999992,-26.199500000000015,-24.200500000000005,-24.832399999999993,-7.303799999999967,-40.29400000000001,-38.27629999999999,-39.33789999999999,1.1803999999999633,-60.5680000000001,-62.54210000000012,-64.52080000000001,3.51,1.0,NA,NA,NA,NA
0,OTEX.TO,0.0,0.0,9.659999999999997,17.170000000000073,0.0,0.0,9.659999999999997,18.779999999999973,0.0,0.0,9.659999999999997,19.329999999999927,0.0,0.0,19.720000000000027,56.01999999999998,60.29,1.0,1.9674999999999998,39.5663185,37.505050999999995,16.345187328
0,OR.TO,-42.33000000000001,-26.57000000000002,-0.3300000000000125,-1.8900000000000148,-35.68000000000001,-14.5,-10.390000000000043,-11.990000000000009,-73.41999999999985,-35.98000000000002,-26.150000000000205,-34.88999999999987,-63.27999999999986,6.680000000000746,-50.11999999999989,-61.2800000000002,15.7,1.0,NA,NA,NA,NA
0,PAAS.TO,27.93000000000012,24.56000000000006,20.600000000000023,14.56000000000006,64.0200000000001,22.570000000000277,22.710000000000264,12.330000000000268,130.27999999999952,-11.13000000000011,4.999999999999545,12.349999999999682,208.9799999999998,-74.62999999999965,20.68000000000029,0.3500000000001364,50.05,4.175424575424572,0.3805,225.0704,283.33435999999995,10.859203584
0,PXT.TO,11.479999999999905,-27.020000000000095,-29.6400000000001,-42.329999999999984,7.759999999999877,-37.180000000000064,-40.88000000000011,-55.72000000000003,-9.809999999999832,-67.62999999999988,-76.9899999999999,-75.70000000000005,-23.810000000000173,-119.26999999999975,-146.26999999999998,-104.18000000000029,16.2,1.0,1.4835,11.474783,-2.684024000000001,2.332131072
0,PKI.TO,27.319999999999936,27.319999999999936,-15.480000000000018,-14.080000000000041,-55.059999999999945,-55.059999999999945,-70.38,-64.24999999999989,-201.48000000000013,-201.48000000000013,-159.45000000000005,-147.24,-356.8700000000006,-356.8700000000006,-170.56000000000063,-211.64999999999964,35.27,1.0,1.4144999999999999,25.486678,-3.4054280000000006,5.331997696
0,PSI.TO,-8.760000000000048,-8.760000000000048,-19.680000000000007,-22.0,-18.19999999999999,-18.19999999999999,-35.789999999999964,-39.76999999999995,-62.12999999999994,-62.12999999999994,-80.55999999999995,-88.25000000000006,-224.87000000000035,-224.87000000000035,-196.93999999999983,-139.1400000000001,6.39,1.0,0.3295,69.3627255,-117.67454899999998,0.53905536
0,PPL.TO,29.010000000000048,29.010000000000048,64.19000000000005,52.440000000000055,26.739999999999952,26.739999999999952,61.91999999999996,56.19,-25.700000000000045,-25.700000000000045,9.479999999999905,20.710000000000036,-172.40000000000032,-172.40000000000032,-66.93000000000052,14.610000000000355,32.55,1.97204301075269,2.4395,13.9569045,-1.710643000000001,18.648672256
0,POW.TO,31.730000000000018,-20.269999999999982,20.70999999999998,4.110000000000014,26.75999999999999,-41.84000000000003,-0.8600000000000705,-16.910000000000025,21.870000000000005,-80.11000000000013,-18.600000000000023,-35.14999999999998,43.580000000000155,-105.0400000000003,38.799999999999955,-2.6499999999999773,23.77,1.8334034497265526,2.6405000000000003,9.293640850000001,3.0937743000000006,16.52250112
0,PWF.TO,0.0,0.0,21.73999999999998,21.73999999999998,0.0,0.0,21.73999999999998,21.73999999999998,0.0,0.0,21.73999999999998,21.73999999999998,0.0,0.0,63.44999999999999,63.44999999999999,36.31,1.7474524924263284,3.074,12.054472,3.419486000000001,24.113362944
0,PSK.TO,-110.50999999999999,-20.129999999999995,-7.789999999999992,-17.189999999999998,-204.80999999999995,-41.81000000000006,-21.750000000000057,-27.720000000000027,-488.62000000000006,-197.91999999999996,-93.38999999999976,-85.05000000000007,-1158.5800000000002,-503.0600000000002,-268.03999999999996,-167.99999999999955,8.41,1.0,0.1755,52.816355,-21.367297999999998,2.064258048
0,PBH.TO,86.25999999999931,142.57999999999947,45.94999999999959,35.30999999999972,99.86999999999966,156.1899999999996,42.25999999999999,31.61999999999989,88.10999999999945,153.52999999999952,52.23000000000047,23.779999999999973,-112.03000000000065,7.099999999998545,-144.89000000000124,-67.2599999999984,94.62,1.6507080955400506,3.106,32.6756545,16.074823,3.757943552
0,PVG.TO,-45.100000000000136,-19.930000000000177,0.7999999999998408,-6.07000000000005,-56.470000000000255,-31.870000000000005,-8.039999999999964,-14.640000000000214,-76.7399999999999,-53.37999999999988,-35.929999999999836,-17.639999999999986,-124.31000000000017,-81.49000000000001,-56.230000000000246,-26.090000000000373,12.7,1.0,0.545,36.866026,42.615772,2.482297856
0,QBR-B.TO,0.0,37.97999999999999,3.539999999999992,3.539999999999992,0.0,37.97999999999999,3.539999999999992,3.539999999999992,0.0,41.16,6.389999999999986,6.389999999999986,0.0,76.21999999999991,36.40000000000009,36.24000000000012,30.56,2.4941099476439765,2.3315,13.43165125,1.1349064999999996,7.913906688
0,REAL.TO,0.9399999999999693,3.1699999999999875,1.9099999999999682,-4.040000000000049,-15.789999999999964,-9.699999999999989,-9.650000000000034,-22.86000000000007,-35.08000000000004,-17.989999999999895,-22.40000000000009,-53.57000000000005,-67.88000000000011,-37.5,-39.090000000000146,-94.27000000000021,29.8,1.0,0.5995,58.58892,35.28039999999999,2.608923136
0,QSR.TO,149.11,149.11,149.11,107.23000000000013,128.6500000000001,128.6500000000001,128.6500000000001,76.29999999999995,58.45000000000027,58.45000000000027,82.4200000000003,-1.3999999999996362,-75.69000000000005,-75.69000000000005,192.98000000000002,53.599999999999454,75.65,2.550958360872439,2.5374999999999996,30.659371999999998,5.376715999999998,23.172503552
0,RCH.TO,-18.680000000000035,-19.189999999999998,-20.99000000000001,2.9799999999999898,-7.089999999999975,-8.109999999999957,-11.009999999999934,-2.2099999999999795,-15.149999999999977,-16.510000000000332,-21.210000000000264,-25.91999999999996,-80.26999999999998,-82.82000000000016,-80.80000000000018,-65.65000000000009,33.2,1.0,1.306,25.4523655,4.053668999999999,1.859588992
0,REI-UN.TO,-32.81999999999999,-32.81999999999999,-32.81999999999999,-35.16000000000005,-30.639999999999986,-31.50999999999999,-32.95999999999998,-35.30000000000004,-21.209999999999923,-27.299999999999955,-33.600000000000136,-42.54000000000025,-36.169999999999845,-44.869999999999834,-51.169999999999845,-67.07000000000016,14.96,1.0,1.097,33.3490125,51.254727,4.75949056
0,RBA.TO,132.85000000000002,132.85000000000002,34.050000000000125,12.050000000000125,161.09000000000003,161.09000000000003,56.41999999999996,24.1099999999999,222.5500000000004,222.5500000000004,101.27000000000021,27.230000000000246,243.89000000000055,243.89000000000055,150.5300000000002,45.950000000000045,61.93,3.938155982560965,1.39,45.203781,-0.6504139999999978,6.802290176
0,RCI-B.TO,-6.740000000000009,-6.740000000000009,-10.340000000000003,-10.340000000000003,15.899999999999977,15.899999999999977,11.799999999999955,11.799999999999955,-4.370000000000118,-4.370000000000118,-8.470000000000141,-8.470000000000141,-29.440000000000055,-29.440000000000055,-32.320000000000164,-31.15000000000009,54.7,1.0,3.517,16.084242,2.131152,28.635396096
0,RY.TO,0.0,48.420000000000016,28.920000000000016,24.480000000000018,0.0,56.19999999999993,26.949999999999932,20.290000000000077,0.0,52.279999999999745,13.279999999999745,4.400000000000205,0.0,14.329999999999472,-57.17000000000053,-73.4500000000005,92.4,1.0,8.1655,11.348313,0.98536,131.62344448
0,RUS.TO,-48.31,-16.610000000000042,-15.730000000000047,-15.730000000000047,-78.87000000000003,-39.120000000000005,-38.74000000000001,-40.210000000000036,-160.11,-64.01000000000005,-40.610000000000014,-48.610000000000014,-401.98000000000013,-160.98000000000013,-95.84000000000015,-85.60999999999967,17.94,1.0,1.265,16.095973,10.560994,1.12990144
0,SNC.TO,-302.4599999999999,-307.05999999999983,4.420000000000073,21.33999999999969,-364.82000000000016,-372.8700000000001,14.489999999999782,37.15000000000009,-427.3299999999999,-435.6200000000001,-0.8300000000001546,30.830000000000155,-758.8399999999992,-764.8400000000001,-79.10999999999967,-5.450000000000273,21.25,1.7482352941176513,7.451499999999999,6.7139840500000005,-10.0401159,3.872721152
0,SSRM.TO,23.350000000000023,25.79000000000002,19.249999999999943,15.340000000000032,50.42000000000007,54.50999999999988,28.219999999999914,20.45000000000016,86.33000000000004,76.99000000000001,43.63999999999987,30.41999999999996,146.87999999999988,143.71000000000004,61.98000000000002,42.069999999999936,32.1,4.5757009345794355,1.265,35.2324955,36.485822999999996,4.022731008
0,SSL.TO,-6.219999999999999,-6.72999999999999,-7.8999999999999915,-8.009999999999991,-8.049999999999983,-8.25,-9.259999999999991,-11.23999999999998,-10.359999999999985,-14.210000000000008,-13.380000000000024,-15.72999999999999,-19.70000000000016,-32.75999999999999,-18.75,-19.930000000000064,12.9,1.0,0.10600000000000001,197.302535,238.25213000000002,2.538549504
0,SAP.TO,0.0,0.0,-17.370000000000005,18.230000000000018,0.0,0.0,-16.370000000000005,18.730000000000018,0.0,0.0,-31.190000000000055,13.989999999999895,0.0,0.0,-61.28999999999951,22.220000000000482,32.78,1.0,1.67,20.066812,5.287064000000001,13.456449536
0,SEA.TO,-12.009999999999991,-11.610000000000014,-7.829999999999984,-9.519999999999982,-36.46999999999997,-34.079999999999984,-1.1899999999999409,-10.909999999999968,-46.390000000000214,-41.029999999999745,2.6800000000000637,-11.009999999999877,-54.02999999999997,-45.73999999999978,19.250000000000227,-3.3700000000001182,26.07,1.0,NA,NA,NA,NA
0,SES.TO,-30.37169999999999,-32.64189999999999,-34.38240000000002,-40.23889999999999,-33.738200000000035,-42.784099999999995,-41.31009999999998,-52.68430000000001,-49.86340000000001,-70.39380000000006,-61.19780000000003,-78.24470000000002,-83.8701000000001,-123.28039999999999,-98.76850000000002,-112.25480000000016,1.65,1.0,NA,NA,NA,NA
0,SMF.TO,-6.370000000000047,-8.250000000000057,-5.55000000000004,-10.930000000000035,-14.920000000000002,-11.289999999999992,-7.939999999999998,-14.459999999999994,-36.97999999999999,-25.370000000000005,-22.230000000000018,-29.830000000000013,-67.53999999999996,-47.15999999999991,-45.31999999999999,-49.54000000000008,4.77,1.0,0.34,21.4523795,25.238093000000003,1.595412352
0,VII.TO,-29.579999999999927,-31.049999999999898,-45.36999999999989,-39.699999999999875,-108.16000000000008,-101.52999999999997,-106.91000000000008,-101.34000000000015,-219.03999999999974,-185.19000000000005,-176.28999999999996,-153.46000000000004,-353.29999999999995,-278.28999999999996,-240.98000000000002,-201.51999999999998,3.67,1.0,NA,NA,NA,NA
0,SJR-B.TO,-5.439999999999969,10.110000000000042,17.590000000000032,17.35000000000005,-5.439999999999969,10.110000000000042,17.590000000000032,17.35000000000005,-5.439999999999969,10.110000000000042,17.590000000000032,17.35000000000005,-52.81000000000017,-11.460000000000036,-1.8300000000001546,14.830000000000041,24.5,1.0,1.315,18.778109999999998,0.4283999999999999,12.664291328
0,SCL.TO,-114.10879999999997,-113.09759999999997,-121.60839999999999,-77.93839999999997,-219.29639999999995,-218.0324,-192.5643,-129.05290000000002,-408.0696000000004,-406.3000000000005,-322.1728000000004,-169.9300000000004,-777.4525000000001,-774.9245000000003,-535.8783000000003,-253.7346,2.65,1.0,NA,NA,NA,NA
0,SHOP.TO,2669.040000000001,2205.869999999999,1481.069999999998,1329.0599999999995,5737.690000000002,4445.2800000000025,2149.2800000000025,2000.4100000000035,6691.059999999998,5395.470000000001,2434.569999999996,2272.290000000001,10298.369999999995,8723.520000000004,3189.55000000001,3008.100000000006,1369.78,7.518265706901835,NA,NA,NA,NA
0,SIA.TO,-12.760000000000048,-12.820000000000022,-15.420000000000044,0.9699999999999136,-28.879999999999995,-29.0,-32.200000000000045,-15.930000000000007,-37.07999999999993,-37.19999999999993,-40.60000000000002,-24.310000000000002,-90.63000000000011,-90.93000000000012,-96.01000000000016,-79.65000000000009,10.28,1.0,0.078,134.72727,41.45454000000001,0.687821184
0,SVM.TO,-13.820000000000007,-15.110000000000014,-15.360000000000014,-17.92,-19.090000000000003,-23.159999999999997,-24.53,-30.340000000000003,-22.84000000000006,-31.620000000000033,-35.34000000000003,-42.66,-53.50999999999999,-72.7399999999999,-75.58999999999992,-79.49000000000001,9.71,1.0,0.195,51.7776315,-2.655262999999998,1.758545792
0,ZZZ.TO,-16.55000000000001,-39.17000000000007,-40.690000000000055,-51.530000000000086,-42.20999999999992,-72.12000000000012,-75.12000000000012,-86.70000000000016,-46.95999999999981,-85.1099999999999,-91.52999999999986,-106.29999999999995,-178.4100000000003,-228.16000000000054,-233.52000000000044,-257.3000000000004,19.21,1.0,1.3820000000000001,14.123028999999999,-0.8584179999999986,0.7156656
0,SRU-UN.TO,-30.580000000000013,-30.580000000000013,-30.580000000000013,-0.6000000000000227,-34.52999999999997,-34.52999999999997,-34.52999999999997,-7.980000000000018,-24.829999999999927,-24.829999999999927,-32.18999999999994,-12.880000000000052,-54.73000000000002,-54.73000000000002,-66.06000000000006,-33.040000000000305,20.28,1.0,2.1159999999999997,9.662229499999999,0.3105069999999994,3.469996544
0,TOY.TO,-27.920000000000016,-27.41000000000014,-34.91000000000014,-34.290000000000134,-147.26999999999998,-124.2700000000001,-39.54000000000008,-40.250000000000114,-287.69000000000074,-199.02000000000044,-131.34000000000037,-108.67000000000007,-769.7999999999984,-407.6499999999987,-352.1300000000001,-270.1100000000006,24.98,1.0,0.7295,33.189867,14.60445,2.35008
0,STN.TO,31.819999999999993,40.509999999999934,23.05000000000001,12.0,43.180000000000064,63.969999999999914,37.969999999999914,26.41999999999996,67.55999999999995,95.27999999999997,52.17999999999995,31.00999999999999,97.18000000000006,124.31999999999994,75.24999999999955,48.69999999999959,43.11,2.8837856645789826,2.0605,21.662395500000002,7.769237,4.802673664
0,SJ.TO,-44.839999999999975,-44.839999999999975,-8.459999999999923,13.700000000000045,-74.35999999999996,-74.35999999999996,-19.539999999999907,2.1200000000001182,-184.4699999999998,-184.4699999999998,-66.66000000000008,-39.75,-396.3799999999999,-394.6399999999999,-129.30999999999995,-73.62999999999988,40.68,1.0,2.492,16.2738215,1.8023969999999991,2.728074752
0,SMU-UN.TO,3.780000000000001,3.780000000000001,-2.4399999999999977,-2.4399999999999977,0.8299999999999983,0.8299999999999983,-6.260000000000005,-6.659999999999997,-9.070000000000022,-9.070000000000022,-17.899999999999977,-11.329999999999956,-35.620000000000005,-35.620000000000005,-44.450000000000045,-10.990000000000066,12.05,1.0,1.154,11.198152499999999,-5.511740999999999,1.667781248
0,SLF.TO,-0.7299999999999613,-0.7299999999999613,18.570000000000107,45.53000000000014,-25.450000000000045,-25.450000000000045,-6.149999999999977,25.110000000000014,-79.79999999999995,-73.33000000000004,-34.23000000000002,-8.980000000000246,-169.1199999999999,-146.24,-77.44000000000028,-13.120000000000118,52.21,1.0,4.73,11.211726500000001,3.3184810000000002,30.329010176
0,SU.TO,-99.73000000000002,-99.73000000000002,-99.73000000000002,-1.6000000000000227,-149.70000000000005,-149.70000000000005,-149.70000000000005,-8.199999999999818,-355.87000000000023,-355.87000000000023,-360.07000000000016,-85.70000000000005,-1259.33,-1259.33,-1267.73,-296.2900000000004,21.07,1.0,NA,NA,NA,NA
0,SPB.TO,1.32000000000005,1.520000000000067,-4.169999999999931,-7.479999999999933,-26.710000000000036,-26.390000000000043,-23.610000000000042,-31.900000000000034,-36.96999999999997,-36.529999999999916,-29.559999999999945,-41.81999999999999,-31.220000000000027,-30.139999999999986,-32.690000000000055,-62.530000000000086,11.67,1.0,NA,NA,NA,NA
0,TRP.TO,60.219999999999914,60.219999999999914,60.219999999999914,25.519999999999982,52.90999999999974,52.90999999999974,52.90999999999974,18.209999999999923,106.63,106.63,112.98999999999978,36.629999999999654,248.5999999999999,248.5999999999999,249.94999999999936,35.320000000000164,61.05,4.094185094185084,4.3965,14.42747,-1.0271360000000005,59.54899968
0,T.TO,0.0,0.0,13.64,14.0,0.0,0.0,13.390000000000015,13.75,0.0,0.0,11.629999999999995,11.629999999999995,0.0,0.0,13.760000000000048,14.29000000000002,23.23,1.0,1.2785,18.868581,3.291118000000001,30.738960384
0,TFII.TO,0.3299999999999841,12.810000000000002,2.310000000000059,3.0100000000000477,-88.41999999999973,-36.999999999999886,-41.65999999999974,-34.19999999999959,-185.6700000000003,-114.7800000000002,-103.53999999999974,-89.86999999999989,-333.52,-210.71000000000004,-111.48999999999978,-62.289999999999964,58.12,1.0,3.8125,15.346880500000001,2.2341029999999993,5.114651136
0,X.TO,223.4999999999999,80.41999999999996,45.77999999999997,39.93999999999994,241.86000000000013,98.77999999999997,64.1400000000001,58.299999999999955,236.81999999999994,93.73999999999978,59.09999999999991,88.88999999999987,615.73,217.99000000000024,-28.80999999999949,69.35000000000036,136.92,4.4970055506865325,5.43,25.9694085,8.608643,7.711917056
0,TECK-B.TO,-18.250000000000227,12.650000000000205,-33.95999999999981,-3.799999999999841,-74.81000000000006,4.790000000000532,-38.52999999999952,-4.2999999999999545,-196.8699999999999,-2.380000000000109,-46.99999999999977,-6.0,-752.7199999999993,-169.0699999999997,-156.86999999999944,-60.29999999999973,13.57,1.0,NA,NA,NA,NA
0,NWC.TO,-12.049999999999898,-12.049999999999898,-12.049999999999898,10.930000000000064,-31.479999999999905,-31.479999999999905,-31.479999999999905,-8.499999999999886,-42.679999999999836,-42.679999999999836,-42.679999999999836,-19.699999999999818,-104.64999999999998,-104.78999999999996,-105.68999999999994,-24.00999999999999,29.8,1.0,1.6455,18.8606485,5.604897000000001,1.479589888
0,TSGI.TO,-16.469999999999573,-18.95999999999958,-52.03999999999962,-11.179999999999609,-66.38999999999942,-78.49999999999955,-133.37999999999965,-55.08999999999946,-68.20999999999958,-85.6899999999996,-176.49999999999955,-55.879999999999654,-114.85000000000082,-144.35000000000082,-293.7900000000004,-57.72000000000071,37.49,1.0,1.125,94.4385405,151.941119,10.854705152
0,TRI.TO,209.21000000000015,209.21000000000015,194.6300000000001,66.81000000000017,209.21000000000015,209.21000000000015,194.6300000000001,66.81000000000017,283.02,283.02,265.20000000000005,105.44000000000005,680.8900000000006,680.8900000000006,635.5299999999991,254.90999999999963,93.46,7.285362722020122,2.6235,38.647672,-19.843116,47.018303488
0,TXG.TO,-31.299999999999955,-34.219999999999914,-4.749999999999886,-7.639999999999873,-23.960000000000036,-31.899999999999864,-10.340000000000032,-10.70000000000016,-66.59999999999968,-79.59000000000037,-49.330000000000155,-49.600000000000136,-148.54999999999973,-162.55000000000018,-153.98000000000002,-145.97000000000025,23.49,1.0,0.801,52.99975499999999,68.68133,2.106266496
0,TIH.TO,31.920000000000016,32.639999999999986,32.639999999999986,38.56,31.920000000000016,46.58000000000004,46.58000000000004,53.93999999999994,31.920000000000016,54.85000000000002,54.85000000000002,61.770000000000095,153.60000000000025,187.3199999999997,183.92000000000007,67.0,73.02,2.5653245686113357,3.409,21.1515615,3.362907,5.882135552
0,TD.TO,0.0,23.470000000000027,23.470000000000027,61.170000000000016,0.0,23.470000000000027,23.470000000000027,61.170000000000016,0.0,-10.700000000000273,-10.700000000000273,26.99999999999966,0.0,-87.86000000000013,-108.60999999999967,19.320000000000164,59.27,1.0320566897249877,5.697,10.456396,-0.02569599999999994,107.42853632
0,TOU.TO,-38.72999999999996,-17.110000000000014,-23.299999999999955,-28.279999999999916,-142.09000000000037,-34.6700000000003,-35.50000000000034,-56.51999999999998,-315.1700000000001,-82.1700000000003,-84.35000000000014,-125.76999999999975,-582.23,-149.16000000000076,-148.7100000000005,-212.9000000000001,13.62,1.0,0.773,36.742895000000004,52.000942,3.839603712
0,TA.TO,5.420000000000016,-5.659999999999982,-5.659999999999982,-3.4199999999999875,9.329999999999998,-4.260000000000005,-3.8900000000000006,-2.4499999999999886,4.150000000000006,-12.780000000000001,-12.27000000000001,-12.649999999999977,-2.7099999999999795,-25.57000000000005,-24.630000000000052,-27.25999999999999,8.76,1.0650684931506849,0.07450000000000001,4.708157999999999,47.460764,2.347152128
0,RNW.TO,17.130000000000024,17.130000000000024,-1.049999999999983,3.430000000000007,20.380000000000024,20.380000000000024,2.5800000000000125,7.010000000000019,45.97,45.97,11.28000000000003,6.82000000000005,88.75000000000006,88.75000000000006,24.44999999999999,12.13999999999993,15.6,5.689102564102568,0.613,28.7775065,20.374287,4.110552064
0,TCL-A.TO,-41.94,-43.129999999999995,-23.71999999999997,-31.639999999999986,-55.06999999999999,-54.94999999999999,-35.86999999999995,-44.599999999999966,-112.10000000000014,-105.81000000000029,-53.42000000000007,-63.74999999999977,-241.36000000000013,-175.96000000000026,-109.48000000000025,-70.84000000000037,15.44,1.0,1.9055,8.111180000000001,1.8261319999999994,1.3284288
0,TCN.TO,-19.53,-19.53,-3.3499999999999943,-7.6299999999999955,-19.53,-19.53,-3.3499999999999943,-7.6299999999999955,-37.97999999999996,-37.97999999999996,-21.799999999999955,-16.889999999999958,-92.06000000000012,-92.06000000000012,-44.960000000000036,-32.94,9.6,1.0,0.496,25.8798775,25.462458999999996,1.872655232
0,VET.TO,-150.39999999999998,-47.319999999999936,-48.670000000000016,-62.069999999999936,-345.28000000000003,-110.8900000000001,-112.24000000000012,-103.78000000000009,-775.2000000000003,-302.92999999999984,-304.2800000000002,-191.82000000000016,-1455.5300000000002,-697.8000000000011,-699.6900000000005,-248.55000000000018,5.46,1.0,NA,NA,NA,NA
0,WSP.TO,149.51999999999998,149.51999999999998,62.059999999999945,36.80000000000007,145.13999999999976,145.13999999999976,57.67999999999972,29.36999999999989,129.9399999999997,129.9399999999997,42.47999999999968,11.959999999999923,287.39999999999964,287.39999999999964,34.25999999999931,-16.769999999999982,84.11,3.4169539888241545,3.149,29.097473,17.0205,9.449668608
0,WCN.TO,191.44999999999993,191.44999999999993,191.44999999999993,46.42999999999995,214.37,214.37,214.37,53.90999999999997,280.53,280.53,280.53,104.24000000000024,602.420000000001,602.420000000001,613.900000000001,262.4500000000007,136.9,4.484295105916734,2.505,54.5208285,13.276527000000002,35.484737536
0,WDO.TO,11.839999999999947,10.409999999999968,-4.25,-4.490000000000009,13.009999999999991,9.090000000000089,-15.049999999999898,-16.349999999999852,16.779999999999916,10.240000000000123,-21.06999999999988,-25.669999999999902,17.720000000000027,6.5499999999999545,-28.579999999999927,-37.120000000000005,13.71,1.2924872355944586,0.54,31.7168005,27.018013000000003,1.947378048
0,WFT.TO,89.96000000000004,20.8900000000001,-73.21000000000004,-125.8599999999999,74.3100000000004,-0.4299999999998363,-135.20000000000027,-186.45000000000027,124.57000000000153,117.43000000000211,-156.41999999999643,-254.86999999999716,283.03999999999905,307.84000000000015,-96.59999999999854,-223.52000000000044,66.32,4.641737032569363,NA,NA,NA,NA
0,WTE.TO,-27.159999999999997,-10.760000000000048,17.550000000000125,7.210000000000093,-40.46999999999997,-18.880000000000052,27.370000000000005,17.860000000000014,-63.159999999999854,-44.90999999999997,40.66000000000008,31.0,-181.56999999999948,-170.3200000000004,28.63000000000011,44.48000000000002,17.19,2.5875509016870284,1.763,10.0636244,-4.144181199999999,1.102032512
0,WPM.TO,21.03000000000003,67.48000000000002,40.86999999999995,21.189999999999998,53.97999999999996,162.30999999999995,97.62999999999988,27.400000000000205,109.9599999999997,205.00000000000023,135.33999999999992,25.809999999999945,248.95000000000027,407.32000000000016,266.9500000000003,49.960000000000946,72.67,5.605063987890466,0.3955,210.014655,132.22160999999997,33.550180352
0,WCP.TO,-42.12729999999999,-27.547399999999982,-28.834299999999985,-29.209799999999987,-75.3125,-51.37760000000003,-56.87899999999999,-60.866299999999995,-141.60179999999997,-100.47230000000002,-104.85499999999996,-114.42049999999995,-268.961,-185.58259999999996,-161.11419999999987,-174.1199999999999,2.21,1.0,NA,NA,NA,NA
0,WPK.TO,11.290000000000077,11.290000000000077,21.440000000000055,7.059999999999832,18.37000000000012,18.37000000000012,32.070000000000164,13.610000000000014,13.750000000000227,17.230000000000246,37.5300000000002,14.269999999999754,5.130000000000109,15.250000000000455,54.850000000000364,22.820000000000164,46.95,1.1682641107561311,1.673,27.8510525,0.5660109999999996,3.028349952
0,YRI.TO,-6.480000000000004,-7.530000000000001,-9.820000000000007,-13.850000000000009,-3.1399999999999864,-7.719999999999999,-13.509999999999991,-22.629999999999995,-0.6299999999999386,-12.110000000000014,-21.86999999999989,-33.92999999999989,-8.970000000000027,-20.269999999999982,-34.81000000000006,-52.309999999999945,8.7,1.0,0.29200000000000004,30.7676,3.793268000000001,8.517392384
0,IAG.TO,-34.45999999999981,-24.159999999999854,-21.679999999999836,3.2800000000002,-30.88000000000011,-20.58000000000004,-18.800000000000068,1.919999999999959,-114.17000000000007,-94.22000000000025,-93.46000000000004,-97.41999999999985,-329.9399999999987,-278.2399999999989,-200.26000000000067,-211.74999999999955,47.03,1.0,5.9305,7.80667325,1.4466795000000001,4.9116672
